{"cameraMode":{"drawMode":0,"name":"Shaded","section":"Shading Mode"},"sceneLighting":true,"audioPlay":false,"sceneViewState":{"showFog":true,"showMaterialUpdate":false,"showSkybox":true,"showFlares":true,"showImageEffects":true,"showParticleSystems":true},"in2DMode":false,"pivot":{"x":1.3611351251602173,"y":-10.499448776245118,"z":5.524873733520508},"rotation":{"x":-0.37387993931770327,"y":0.05000629648566246,"z":-0.02018953114748001,"w":-0.9259080290794373},"size":22.205928802490236,"orthographic":false}